"","x"
"1",2017-08-18
"2",2017-11-16
"3",2018-03-01
"4",2017-04-30
"5",2017-06-28
"6",2017-08-07
"7",2018-04-11
"8",2018-07-20
"9",2018-07-21
"10",2018-10-15
"11",2019-03-06
"12",2019-07-19
"13",2020-02-21
"14",2020-08-20
"15",2020-12-28
"16",2021-02-17
"17",2021-05-09
"18",2021-09-02
"19",2021-12-28
"20",2022-01-23
"21",2022-09-13
"22",2022-11-15
"23",2022-11-23
"24",2023-01-03
"25",2023-03-07
"26",2023-03-29
"27",2024-05-30
"28",2024-09-17
"29",2024-12-01
"30",2025-02-10
"31",2017-04-18
"32",2017-07-13
"33",2017-07-25
"34",2017-11-10
"35",2017-11-15
"36",2019-03-15
"37",2019-05-14
"38",2019-05-26
"39",2020-10-14
"40",2023-02-06
"41",2025-02-07
"42",2024-09-25
"43",2017-04-21
"44",2017-05-03
"45",2017-05-04
"46",2017-05-29
"47",2017-06-02
"48",2017-06-14
"49",2017-06-30
"50",2017-07-07
"51",2017-07-10
"52",2017-07-12
"53",2017-08-17
"54",2017-08-23
"55",2017-08-30
"56",2017-09-11
"57",2017-09-15
"58",2017-09-28
"59",2017-10-07
"60",2017-10-08
"61",2017-10-25
"62",2017-10-27
"63",2017-12-07
"64",2017-12-25
"65",2018-01-02
"66",2018-02-07
"67",2018-04-09
"68",2018-05-17
"69",2018-05-18
"70",2018-06-10
"71",2018-09-18
"72",2018-09-19
"73",2018-10-29
"74",2018-11-11
"75",2018-11-14
"76",2018-12-12
"77",2019-01-22
"78",2019-01-29
"79",2019-09-22
"80",2019-11-30
"81",2020-01-27
"82",2020-02-13
"83",2020-02-27
"84",2020-03-05
"85",2020-06-22
"86",2020-07-13
"87",2020-07-26
"88",2020-08-11
"89",2020-09-15
"90",2020-11-25
"91",2020-12-04
"92",2021-02-25
"93",2021-03-19
"94",2021-03-28
"95",2021-03-29
"96",2021-05-21
"97",2021-07-29
"98",2021-08-25
"99",2021-10-01
"100",2021-12-25
"101",2022-04-01
"102",2022-05-28
"103",2022-06-20
"104",2022-07-06
"105",2022-07-08
"106",2022-09-21
"107",2022-10-19
"108",2022-12-14
"109",2022-12-23
"110",2022-12-25
"111",2023-01-06
"112",2023-02-02
"113",2023-02-08
"114",2023-02-22
"115",2023-04-07
"116",2023-04-11
"117",2023-05-10
"118",2023-06-23
"119",2023-06-24
"120",2023-08-12
"121",2023-09-29
"122",2023-11-05
"123",2024-01-14
"124",2024-02-08
"125",2024-03-22
"126",2024-04-29
"127",2024-05-24
"128",2024-06-03
"129",2024-07-04
"130",2024-08-24
"131",2024-10-01
"132",2024-10-10
"133",2024-12-14
"134",2024-12-17
"135",2024-12-19
"136",2024-12-23
"137",2024-12-27
"138",2025-01-10
"139",2025-03-05
"140",2025-03-12
"141",2025-04-04
